page	p1	media_pv	file_per_page	page_type
//de.wikipedia.org/wiki/Helgoland	Helgoland	50815.84615	1	article
//fr.wikipedia.org/wiki/Sagrada_Família	Sagrada Família	43908.11538	2	article
//fr.wikipedia.org/wiki/Barcelone	Barcelone	41539.73077	3	article
//es.wikipedia.org/wiki/Carl_Gustav_Jung	Carl Gustav Jung	30767.34615	2	article
//en.wikipedia.org/wiki/Ethiopian_Empire	Ethiopian Empire	26116.88462	1	article
//fa.wikipedia.org/wiki/اصفهان	اصفهان	24041.61538	3	article
//de.wikipedia.org/wiki/Aleppo	Aleppo	23900.61538	1	article
//de.wikipedia.org/wiki/Matterhorn	Matterhorn	22332.26923	2	article
//it.wikipedia.org/wiki/Etiopia	Etiopia	21882.53846	1	article
//de.wikipedia.org/wiki/Pyramiden_von_Gizeh	Pyramiden von Gizeh	21642.92308	1	article
//fr.wikipedia.org/wiki/Séville	Séville	21620.61538	7	article
//en.wikipedia.org/wiki/White_Cliffs_of_Dover	White Cliffs of Dover	21283.46154	1	article
//de.wikipedia.org/wiki/Sevilla	Sevilla	20713.30769	1	article
//de.wikipedia.org/wiki/Alhambra	Alhambra	20510.23077	1	article
//de.wikipedia.org/wiki/Homo_faber_(Roman)	Homo faber (Roman)	18774.38462	1	article
//en.wikipedia.org/wiki/Karlsruhe	Karlsruhe	17785.88462	1	article
//de.wikipedia.org/wiki/Luzern	Luzern	17191.65385	1	article
//de.wikipedia.org/wiki/Max_Frisch	Max Frisch	16117.03846	13	article
//de.wikipedia.org/wiki/Akropolis_(Athen)	Akropolis (Athen)	15554.23077	1	article
//fr.wikipedia.org/wiki/Oran	Oran	14706.57692	5	article
//fr.wikipedia.org/wiki/Grenade_(Espagne)	Grenade (Espagne)	14589.03846	1	article
//de.wikipedia.org/wiki/Casablanca	Casablanca	14381.26923	1	article
//de.wikipedia.org/wiki/Wikipedia_Diskussion:Hauptseite/Schon_gewusst	Wikipedia Diskussion:Hauptseite/Schon gewusst	13695.53846	#N/D	article
//fr.wikipedia.org/wiki/Fès	Fès	13161.07692	6	article
//de.wikipedia.org/wiki/Alexandria	Alexandria	12196.92308	1	article
//ru.wikipedia.org/wiki/Риббентроп,_Иоахим_фон	Риббентроп, Иоахим фон	11021.61538	1	article
//fa.wikipedia.org/wiki/رشت	رشت	10692.69231	1	article
//de.wikipedia.org/wiki/Große_Sphinx_von_Gizeh	Große Sphinx von Gizeh	10310.15385	1	article
//fr.wikipedia.org/wiki/Alicante	Alicante	9685.730769	6	article
//de.wikipedia.org/wiki/Andorra_(Drama)	Andorra (Drama)	9545.961538	3	article
//fa.wikipedia.org/wiki/دماوند	دماوند	9467.192308	1	article
//es.wikipedia.org/wiki/Plaza_de_España_(Sevilla)	Plaza de España (Sevilla)	9295.307692	3	article
//fa.wikipedia.org/wiki/کاشان	کاشان	7857.807692	4	article
//de.wikipedia.org/wiki/Moserdamm	Moserdamm	7257	1	article
//de.wikipedia.org/wiki/Biedermann_und_die_Brandstifter	Biedermann und die Brandstifter	7185.615385	1	article
//it.wikipedia.org/wiki/Hailé_Selassié	Hailé Selassié	6982.153846	1	article
//es.wikipedia.org/wiki/Alcoy	Alcoy	6537.653846	1	article
//fa.wikipedia.org/wiki/بندر_انزلی	بندر انزلی	6430.192308	6	article
//de.wikipedia.org/wiki/Zug_(Stadt)	Zug (Stadt)	6292.384615	1	article
//fr.wikipedia.org/wiki/Atlas_(massif)	Atlas (massif)	6251	1	article
//fa.wikipedia.org/wiki/میدان_نقش_جهان	میدان نقش جهان	6038.115385	1	article
//fa.wikipedia.org/wiki/بوشهر	بوشهر	5611.692308	27	article
//de.wikipedia.org/wiki/Eisernes_Tor	Eisernes Tor	5572.461538	1	article
//de.wikipedia.org/wiki/Lawine	Lawine	5167.961538	1	article
//fa.wikipedia.org/wiki/فهرست_کوه‌های_ایران	فهرست کوه‌های ایران	4928.115385	1	article
//en.wikipedia.org/wiki/Dire_Dawa	Dire Dawa	4832.461538	2	article
//ru.wikipedia.org/wiki/Чемпионат_мира_по_футболу_1954	Чемпионат мира по футболу 1954	4826.115385	1	article
//pt.wikipedia.org/wiki/Kilimanjaro	Kilimanjaro	4782.692308	1	article
//fa.wikipedia.org/wiki/تاریخ_تهران	تاریخ تهران	4716.846154	8	article
//en.wikipedia.org/wiki/Richard_Dedekind	Richard Dedekind	4128.769231	1	article
//de.wikipedia.org/wiki/Olten	Olten	4088.692308	1	article
//de.wikipedia.org/wiki/Pax-Gebäude	Pax-Gebäude	4044	1	article
//de.wikipedia.org/wiki/Memphis_(Ägypten)	Memphis (Ägypten)	3884.538462	1	article
//fa.wikipedia.org/wiki/بازار_تهران	بازار تهران	3881.461538	2	article
//en.wikipedia.org/wiki/Koutoubia_Mosque	Koutoubia Mosque	3580.461538	1	article
//it.wikipedia.org/wiki/Lago_di_Nemi	Lago di Nemi	3537.961538	1	article
//en.wikipedia.org/wiki/1960–61_European_Cup	1960–61 European Cup	3524.5	1	article
//fa.wikipedia.org/wiki/زاینده‌رود	زاینده‌رود	3506.461538	1	article
//fa.wikipedia.org/wiki/چهل‌ستون	چهل‌ستون	3420.384615	3	article
//de.wikipedia.org/wiki/Engelberg	Engelberg	3361.423077	1	article
//de.wikipedia.org/wiki/Rigi	Rigi	3324.730769	1	article
//de.wikipedia.org/wiki/Kernkraftwerk_Beznau	Kernkraftwerk Beznau	3256.538462	4	article
//fa.wikipedia.org/wiki/البرز	البرز	3079.846154	1	article
//fa.wikipedia.org/wiki/حلب	حلب	3013.884615	11	article
//es.wikipedia.org/wiki/Volcán_Calbuco	Volcán Calbuco	3012.692308	1	article
//de.wikipedia.org/wiki/Uster	Uster	2799.461538	5	article
//fa.wikipedia.org/wiki/برازجان	برازجان	2484.384615	1	article
//de.wikipedia.org/wiki/Appenzell_(Ort)	Appenzell (Ort)	2450.423077	1	article
//fa.wikipedia.org/wiki/پل_خواجو	پل خواجو	2396.5	1	article
//fa.wikipedia.org/wiki/فرات	فرات	2326.653846	1	article
//de.wikipedia.org/wiki/Eisriesenwelt	Eisriesenwelt	2321.038462	2	article
//pt.wikipedia.org/wiki/Adis_Abeba	Adis Abeba	2275.961538	1	article
//fa.wikipedia.org/wiki/آباده	آباده	2263.307692	2	article
//es.wikipedia.org/wiki/Plaza_de_toros_Monumental_de_Barcelona	Plaza de toros Monumental de Barcelona	2242.461538	1	article
//de.wikipedia.org/wiki/Bühler_AG	Bühler AG	2230.692308	1	article
//de.wikipedia.org/wiki/Bülach	Bülach	2227.692308	1	article
//de.wikipedia.org/wiki/Herisau	Herisau	2187.115385	1	article
//fr.wikipedia.org/wiki/Forces_aériennes_suisses	Forces aériennes suisses	2175.923077	1	article
//fa.wikipedia.org/wiki/ورامین	ورامین	2164.461538	4	article
//de.wikipedia.org/wiki/Burgdorf_BE	Burgdorf BE	2156.769231	1	article
//de.wikipedia.org/wiki/Rangierbahnhof_Basel_Bad_Bf	Rangierbahnhof Basel Bad Bf	2075.714286	1	article
//fa.wikipedia.org/wiki/دجله	دجله	2058.653846	5	article
//de.wikipedia.org/wiki/Dietikon	Dietikon	2039.615385	2	article
//fr.wikipedia.org/wiki/Béchar	Béchar	1981.423077	1	article
//en.wikipedia.org/wiki/Gottfried_Semper	Gottfried Semper	1962.846154	1	article
//de.wikipedia.org/wiki/Dübendorf	Dübendorf	1928.730769	1	article
//ar.wikipedia.org/wiki/تاريخ_بغداد	تاريخ بغداد	1917.307692	2	user_page
//de.wikipedia.org/wiki/Horgen	Horgen	1917.230769	3	article
//de.wikipedia.org/wiki/Blaue_Grotte_(Capri)	Blaue Grotte (Capri)	1907.192308	1	article
//de.wikipedia.org/wiki/Wohlen_AG	Wohlen AG	1877.192308	1	article
//de.wikipedia.org/wiki/Grossbrand_von_Schweizerhalle	Grossbrand von Schweizerhalle	1872.47619	6	article
//de.wikipedia.org/wiki/Rhonegletscher	Rhonegletscher	1867.384615	2	article
//de.wikipedia.org/wiki/Stans	Stans	1864.307692	1	article
//de.wikipedia.org/wiki/Bad_Ragaz	Bad Ragaz	1840.115385	1	article
//de.wikipedia.org/wiki/Toggenburg	Toggenburg	1807.307692	1	article
//de.wikipedia.org/wiki/Sarnen	Sarnen	1788.5	1	article
//de.wikipedia.org/wiki/Küsnacht	Küsnacht	1780.346154	1	article
//de.wikipedia.org/wiki/Lukmanierpass	Lukmanierpass	1771.730769	1	article
//de.wikipedia.org/wiki/Bremgarten_AG	Bremgarten AG	1759.923077	1	article
//de.wikipedia.org/wiki/Affoltern_am_Albis	Affoltern am Albis	1749.961538	1	article
//de.wikipedia.org/wiki/Lippenstift	Lippenstift	1726.576923	1	article
//de.wikipedia.org/wiki/Lötschbergtunnel	Lötschbergtunnel	1700.884615	2	article
//fa.wikipedia.org/wiki/حرم_شاه_عبدالعظیم	حرم شاه عبدالعظیم	1686.615385	3	article
//de.wikipedia.org/wiki/Buchs_SG	Buchs SG	1680.923077	1	article
//de.wikipedia.org/wiki/Schindellegi	Schindellegi	1675.538462	1	article
//de.wikipedia.org/wiki/Wetzikon	Wetzikon	1650.384615	1	article
//de.wikipedia.org/wiki/Wädenswil	Wädenswil	1616.461538	1	article
//de.wikipedia.org/wiki/Lenzerheide/Lai	Lenzerheide/Lai	1607.269231	1	article
//de.wikipedia.org/wiki/Schlieren	Schlieren	1587.230769	2	article
//de.wikipedia.org/wiki/Kloten	Kloten	1585.576923	1	article
//de.wikipedia.org/wiki/Otto-Wagner-Spital	Otto-Wagner-Spital	1526.807692	1	article
//en.wikipedia.org/wiki/Wikipedia:WikiProject_Dinosaurs/Image_review	Wikipedia:WikiProject Dinosaurs/Image review	1516.384615	1	wikipedia_page
//de.wikipedia.org/wiki/Spreitenbach	Spreitenbach	1492.038462	2	article
//de.wikipedia.org/wiki/Berneck_SG	Berneck SG	1457.846154	1	article
//de.wikipedia.org/wiki/Berg_Tabor	Berg Tabor	1452.307692	1	article
//fr.wikipedia.org/wiki/Thiers	Thiers	1449.307692	1	article
//de.wikipedia.org/wiki/Küssnacht_SZ	Küssnacht SZ	1445.076923	1	article
//fa.wikipedia.org/wiki/منجیل	منجیل	1411.423077	1	article
//de.wikipedia.org/wiki/Disentis/Mustér	Disentis/Mustér	1406.230769	1	article
//de.wikipedia.org/wiki/Meilen	Meilen	1403.923077	2	article
//de.wikipedia.org/wiki/Klöntalersee	Klöntalersee	1402.423077	1	article
//de.wikipedia.org/wiki/Gossau_SG	Gossau SG	1376.769231	2	article
//de.wikipedia.org/wiki/Altstätten	Altstätten	1370.307692	1	article
//de.wikipedia.org/wiki/Kernkraftwerk_Mühleberg	Kernkraftwerk Mühleberg	1348.846154	1	article
//de.wikipedia.org/wiki/Bulle_FR	Bulle FR	1314.115385	1	article
//de.wikipedia.org/wiki/Hinwil	Hinwil	1305.423077	1	article
//hr.wikipedia.org/wiki/Lavoslav_Ružička	Lavoslav Ružička	1295.923077	1	article
//de.wikipedia.org/wiki/Wallisellen	Wallisellen	1276.653846	1	article
//de.wikipedia.org/wiki/Zollikon	Zollikon	1264.653846	1	article
//de.wikipedia.org/wiki/Sihlsee	Sihlsee	1250.269231	1	article
//de.wikipedia.org/wiki/Regensdorf	Regensdorf	1240.038462	1	article
//de.wikipedia.org/wiki/Opfikon	Opfikon	1225.653846	1	article
//de.wikipedia.org/wiki/Wollerau	Wollerau	1219.923077	1	article
//de.wikipedia.org/wiki/Greifensee_(Gewässer)	Greifensee (Gewässer)	1211.307692	1	article
//en.wikipedia.org/wiki/History_of_London_(1900–39)	History of London (1900–39)	1176.730769	1	article
//de.wikipedia.org/wiki/Adliswil	Adliswil	1170.153846	1	article
//de.wikipedia.org/wiki/Kraftwerke_Linth-Limmern	Kraftwerke Linth-Limmern	1169.923077	3	article
//de.wikipedia.org/wiki/Stäfa	Stäfa	1161.115385	2	article
//fa.wikipedia.org/wiki/پارک_شهر	پارک شهر	1144.346154	1	article
//de.wikipedia.org/wiki/Airolo	Airolo	1135.653846	1	article
//de.wikipedia.org/wiki/Brunnen_SZ	Brunnen SZ	1130.576923	1	article
//de.wikipedia.org/wiki/Volketswil	Volketswil	1127.769231	3	article
//de.wikipedia.org/wiki/Winningen	Winningen	1090.615385	1	article
//de.wikipedia.org/wiki/Freienbach	Freienbach	1077.692308	4	article
//de.wikipedia.org/wiki/Muri_AG	Muri AG	1056.423077	1	article
//fa.wikipedia.org/wiki/حوض_سلطان	حوض سلطان	1048.769231	1	article
//de.wikipedia.org/wiki/Muotathal	Muotathal	1039.961538	1	article
//fr.wikipedia.org/wiki/Leysin	Leysin	1033.5	1	article
//de.wikipedia.org/wiki/Brienz_BE	Brienz BE	1029.653846	1	article
//de.wikipedia.org/wiki/Pfäffikon_ZH	Pfäffikon ZH	1023.538462	1	article
//de.wikipedia.org/wiki/Heiden_AR	Heiden AR	1017.538462	1	article
//de.wikipedia.org/wiki/Bahnhof_Bern	Bahnhof Bern	1012.307692	1	article
//de.wikipedia.org/wiki/Rüschlikon	Rüschlikon	1005.5	1	article
//fa.wikipedia.org/wiki/یخچال_(معماری)	یخچال (معماری)	1005.115385	1	article
//de.wikipedia.org/wiki/Wald_ZH	Wald ZH	985.1923077	1	article
//de.wikipedia.org/wiki/Rupperswil	Rupperswil	982.9230769	1	article
//de.wikipedia.org/wiki/Männedorf	Männedorf	974.6153846	1	article
//de.wikipedia.org/wiki/Beromünster	Beromünster	969.0769231	1	article
//de.wikipedia.org/wiki/Bassersdorf	Bassersdorf	953.3076923	5	article
//de.wikipedia.org/wiki/Grabs	Grabs	950.3846154	1	article
//fa.wikipedia.org/wiki/دروازه‌های_تهران	دروازه‌های تهران	928.4230769	3	article
//de.wikipedia.org/wiki/Sempach	Sempach	928.2692308	1	article
//de.wikipedia.org/wiki/Richterswil	Richterswil	927.8461538	1	article
//de.wikipedia.org/wiki/Weggis	Weggis	925.8846154	1	article
//de.wikipedia.org/wiki/Amden	Amden	921.0384615	1	article
//de.wikipedia.org/wiki/Rüti_ZH	Rüti ZH	880.6923077	8	article
//de.wikipedia.org/wiki/Biasca	Biasca	875.3076923	3	article
//de.wikipedia.org/wiki/Aarberg	Aarberg	872.9615385	1	article
//de.wikipedia.org/wiki/Militärflugplatz_Dübendorf	Militärflugplatz Dübendorf	866.1923077	1	article
//de.wikipedia.org/wiki/Belp	Belp	863.6538462	1	article
//de.wikipedia.org/wiki/Flawil	Flawil	857.0769231	3	article
//de.wikipedia.org/wiki/Diessenhofen	Diessenhofen	847.4615385	1	article
//en.wikipedia.org/wiki/Robert_Maillart	Robert Maillart	830.8461538	1	article
//de.wikipedia.org/wiki/Birsfelden	Birsfelden	827.7307692	2	article
//de.wikipedia.org/wiki/Sachseln	Sachseln	820.8846154	1	article
//de.wikipedia.org/wiki/Eglisau	Eglisau	816.9615385	1	article
//de.wikipedia.org/wiki/Flums	Flums	812.8076923	2	article
//de.wikipedia.org/wiki/Herrliberg	Herrliberg	812.7307692	1	article
//de.wikipedia.org/wiki/Erstfeld	Erstfeld	801.0384615	1	article
//de.wikipedia.org/wiki/Hochdorf_LU	Hochdorf LU	793.8461538	1	article
//de.wikipedia.org/wiki/Urnäsch	Urnäsch	783.0384615	1	article
//de.wikipedia.org/wiki/Trogen_AR	Trogen AR	782.5	1	article
//de.wikipedia.org/wiki/Lägern	Lägern	779.9615385	1	article
//de.wikipedia.org/wiki/Oberägeri	Oberägeri	778.3846154	1	article
//de.wikipedia.org/wiki/Beatenberg	Beatenberg	777.5384615	1	article
//en.wikipedia.org/wiki/Viktor_Meyer	Viktor Meyer	768.7692308	1	article
//de.wikipedia.org/wiki/Embrach	Embrach	762.6153846	1	article
//de.wikipedia.org/wiki/Diepoldsau	Diepoldsau	762.1538462	1	article
//de.wikipedia.org/wiki/Werdenberg_(Ort)	Werdenberg (Ort)	759.3846154	1	article
//de.wikipedia.org/wiki/Monte_Generoso	Monte Generoso	753.4615385	1	article
//de.wikipedia.org/wiki/Entlebuch_LU	Entlebuch LU	745.6538462	1	article
//en.wikipedia.org/wiki/Ulrich_Wille	Ulrich Wille	745.1923077	1	article
//de.wikipedia.org/wiki/Goldau	Goldau	730.1923077	1	article
//de.wikipedia.org/wiki/Der_Mensch_erscheint_im_Holozän	Der Mensch erscheint im Holozän	725	1	article
//de.wikipedia.org/wiki/Mattmarksee	Mattmarksee	722.0769231	1	article
//de.wikipedia.org/wiki/Huber+Suhner	Huber+Suhner	714.1538462	#N/D	article
//de.wikipedia.org/wiki/Steckborn	Steckborn	711.9230769	4	article
//de.wikipedia.org/wiki/Hombrechtikon	Hombrechtikon	709.8076923	1	article
//de.wikipedia.org/wiki/Dielsdorf_ZH	Dielsdorf ZH	707	1	article
//de.wikipedia.org/wiki/Lungern	Lungern	700.0384615	1	article
//de.wikipedia.org/wiki/Näfels	Näfels	699.7307692	1	article
//de.wikipedia.org/wiki/Globuskrawall	Globuskrawall	695.6538462	2	article
//fr.wikipedia.org/wiki/Rolle_(Vaud)	Rolle (Vaud)	695.6153846	1	article
//de.wikipedia.org/wiki/Teufen_AR	Teufen AR	695.1153846	1	article
//en.wikipedia.org/wiki/Auguste_Forel	Auguste Forel	692.0384615	1	article
//de.wikipedia.org/wiki/Bachtel	Bachtel	686.0769231	1	article
//ar.wikipedia.org/wiki/طرفاية	طرفاية	682	6	user_page
//fr.wikipedia.org/wiki/Ciudad_Real	Ciudad Real	666.5384615	2	article
//de.wikipedia.org/wiki/Mellingen_AG	Mellingen AG	664.1153846	1	article
//de.wikipedia.org/wiki/Menzingen_ZG	Menzingen ZG	661.9615385	1	article
//de.wikipedia.org/wiki/Bäretswil	Bäretswil	661.2692308	2	article
//de.wikipedia.org/wiki/Villmergen	Villmergen	657.2307692	1	article
//de.wikipedia.org/wiki/Greifensee_ZH	Greifensee ZH	654.4615385	1	article
//de.wikipedia.org/wiki/Onsernonetal	Onsernonetal	651.2692308	1	article
//de.wikipedia.org/wiki/Littau	Littau	648.0384615	1	article
//it.wikipedia.org/wiki/Ghiacciaio_dell'Adamello	Ghiacciaio dell'Adamello	647.7692308	1	article
//de.wikipedia.org/wiki/Maur	Maur	646.5384615	1	article
//de.wikipedia.org/wiki/Arth_SZ	Arth SZ	644.6153846	1	article
//de.wikipedia.org/wiki/Rümlang	Rümlang	641.8846154	1	article
//de.wikipedia.org/wiki/Gais_AR	Gais AR	638.2307692	1	article
//de.wikipedia.org/wiki/Bauma	Bauma	635.2692308	1	article
//de.wikipedia.org/wiki/Elm_GL	Elm GL	631.5769231	1	article
//de.wikipedia.org/wiki/Erlenbach_ZH	Erlenbach ZH	628.1923077	1	article
//de.wikipedia.org/wiki/Flüelen	Flüelen	626.7692308	1	article
//de.wikipedia.org/wiki/Giswil	Giswil	626.4615385	1	article
//de.wikipedia.org/wiki/Eidgenössische_Materialprüfungs-_und_Forschungsanstalt	Eidgenössische Materialprüfungs- und Forschungsanstalt	624.7307692	1	article
//de.wikipedia.org/wiki/Lawinenwinter_1951	Lawinenwinter 1951	618.2692308	4	article
//de.wikipedia.org/wiki/Schweizerische_Rheinhäfen	Schweizerische Rheinhäfen	615.4615385	1	article
//de.wikipedia.org/wiki/Gurten_(Berg)	Gurten (Berg)	614.4615385	1	article
//bg.wikipedia.org/wiki/Микровълни	Микровълни	604.2307692	1	article
//de.wikipedia.org/wiki/Ebnat-Kappel	Ebnat-Kappel	601.3076923	3	article
//de.wikipedia.org/wiki/Universitätsspital_Basel	Universitätsspital Basel	599.9230769	1	article
//de.wikipedia.org/wiki/Zollikerberg	Zollikerberg	597.1923077	1	article
//de.wikipedia.org/wiki/Saunders-Roe	Saunders-Roe	596.3846154	1	article
//de.wikipedia.org/wiki/Biografie:_Ein_Spiel	Biografie: Ein Spiel	593.0384615	2	article
//de.wikipedia.org/wiki/Rothenthurm_SZ	Rothenthurm SZ	590.5	1	article
//de.wikipedia.org/wiki/Mariengrab	Mariengrab	589.1153846	1	article
//de.wikipedia.org/wiki/Alpnach	Alpnach	586.7307692	1	article
//de.wikipedia.org/wiki/Merenschwand	Merenschwand	586.5769231	2	article
//fr.wikipedia.org/wiki/Béni_Abbès	Béni Abbès	585.0769231	1	article
//de.wikipedia.org/wiki/Vernier	Vernier	579.1923077	1	article
//de.wikipedia.org/wiki/Andelfingen_ZH	Andelfingen ZH	576.6923077	1	article
//de.wikipedia.org/wiki/Tujetsch	Tujetsch	576.3076923	1	article
//de.wikipedia.org/wiki/Schweizerische_Nordostbahn	Schweizerische Nordostbahn	570.0384615	1	article
//en.wikipedia.org/wiki/Cathedral_of_St._Vincent_de_Paul	Cathedral of St. Vincent de Paul	569.5	1	article
//de.wikipedia.org/wiki/Eschenbach_SG	Eschenbach SG	563.8846154	1	article
//de.wikipedia.org/wiki/Rheinau_ZH	Rheinau ZH	562.8076923	1	article
//de.wikipedia.org/wiki/Forch	Forch	559.8846154	1	article
//de.wikipedia.org/wiki/Bern-Bethlehem	Bern-Bethlehem	559.1153846	1	article
//de.wikipedia.org/wiki/Maggia_(Fluss)	Maggia (Fluss)	555.3461538	1	article
//de.wikipedia.org/wiki/Mettmenstetten	Mettmenstetten	551.7307692	1	article
//de.wikipedia.org/wiki/Hausen_am_Albis	Hausen am Albis	539.0769231	1	article
//en.wikipedia.org/wiki/1934_Swissair_Tuttlingen_accident	1934 Swissair Tuttlingen accident	537.5384615	1	article
//de.wikipedia.org/wiki/Bonstetten_ZH	Bonstetten ZH	534.3461538	1	article
//de.wikipedia.org/wiki/Wangen-Brüttisellen	Wangen-Brüttisellen	534.1923077	1	article
//de.wikipedia.org/wiki/Limmattal	Limmattal	532.5	1	article
//fa.wikipedia.org/wiki/فهرست_گورستان‌های_تهران	فهرست گورستان‌های تهران	531.5769231	2	article
//de.wikipedia.org/wiki/Goldach_SG	Goldach SG	529.3076923	1	article
//de.wikipedia.org/wiki/Walzenhausen	Walzenhausen	528.3076923	1	article
//de.wikipedia.org/wiki/Rafz	Rafz	524.8846154	1	article
//de.wikipedia.org/wiki/Walchwil	Walchwil	521.9615385	1	article
//de.wikipedia.org/wiki/Bubikon	Bubikon	520.6923077	1	article
//de.wikipedia.org/wiki/Stansstad	Stansstad	517.0384615	1	article
//de.wikipedia.org/wiki/Gommiswald	Gommiswald	513.8846154	1	article
//de.wikipedia.org/wiki/Braunwald_GL	Braunwald GL	512.3076923	1	article
//de.wikipedia.org/wiki/Ennenda	Ennenda	511.2307692	2	article
//de.wikipedia.org/wiki/Dagmersellen	Dagmersellen	508.0769231	1	article
//de.wikipedia.org/wiki/Seuzach	Seuzach	500.6153846	1	article
//de.wikipedia.org/wiki/Gossau_ZH	Gossau ZH	493.7692308	2	article
//de.wikipedia.org/wiki/Zumikon	Zumikon	484.5384615	1	article
//de.wikipedia.org/wiki/Fehraltorf	Fehraltorf	482.7692308	1	article
//de.wikipedia.org/wiki/Amalienbad	Amalienbad	478.7307692	1	article
//fa.wikipedia.org/wiki/دروازه_قزوین	دروازه قزوین	477.3461538	1	article
//de.wikipedia.org/wiki/Degersheim_SG	Degersheim SG	476.1153846	1	article
//de.wikipedia.org/wiki/Maiduguri	Maiduguri	472.4615385	1	article
//de.wikipedia.org/wiki/Linthal_GL	Linthal GL	466.2692308	1	article
//de.wikipedia.org/wiki/Utzenstorf	Utzenstorf	465.3461538	2	article
//it.wikipedia.org/wiki/Debra_Libanos	Debra Libanos	464.3846154	1	article
//de.wikipedia.org/wiki/Mustermesse_Basel	Mustermesse Basel	461.7307692	1	article
//de.wikipedia.org/wiki/Alusuisse	Alusuisse	456	1	article
//de.wikipedia.org/wiki/Marthalen	Marthalen	454.3461538	1	article
//de.wikipedia.org/wiki/Tuggen	Tuggen	452.9615385	1	article
//de.wikipedia.org/wiki/Uetikon_am_See	Uetikon am See	451.3076923	1	article
//de.wikipedia.org/wiki/Faido	Faido	450.6538462	1	article
//de.wikipedia.org/wiki/Speicher_AR	Speicher AR	450.5384615	1	article
//de.wikipedia.org/wiki/Stadtbild	Stadtbild	441.3076923	1	article
//de.wikipedia.org/wiki/Balgach	Balgach	440.1153846	1	article
//de.wikipedia.org/wiki/Grüningen_ZH	Grüningen ZH	438.8076923	2	article
//de.wikipedia.org/wiki/Unterer_Grindelwaldgletscher	Unterer Grindelwaldgletscher	438.3461538	1	article
//fr.wikipedia.org/wiki/Wikipédia:RAW/2018-06-01	Wikipédia:RAW/2018-06-01	436	5	wikipedia_page
//de.wikipedia.org/wiki/Hurden	Hurden	435.1153846	3	article
//de.wikipedia.org/wiki/Dürnten	Dürnten	431.9615385	2	article
//de.wikipedia.org/wiki/Realp	Realp	430.3846154	1	article
//de.wikipedia.org/wiki/Bargen_SH	Bargen SH	428.7307692	1	article
//de.wikipedia.org/wiki/Langnau_am_Albis	Langnau am Albis	427.6153846	1	article
//fr.wikipedia.org/wiki/Services_industriels_de_Genève	Services industriels de Genève	424.5769231	2	article
//fa.wikipedia.org/wiki/مسجد_جامع_قزوین	مسجد جامع قزوین	424.1153846	1	article
//de.wikipedia.org/wiki/Fislisbach	Fislisbach	421.0769231	1	article
//de.wikipedia.org/wiki/Sattel_SZ	Sattel SZ	420.8461538	1	article
//es.wikipedia.org/wiki/Fokker_F.VII	Fokker F.VII	419.6153846	1	article
//de.wikipedia.org/wiki/Russikon	Russikon	417.2307692	1	article
//de.wikipedia.org/wiki/Buchs_ZH	Buchs ZH	416.8076923	1	article
//de.wikipedia.org/wiki/Schmerikon	Schmerikon	400.8461538	1	article
//de.wikipedia.org/wiki/Oberegg_AI	Oberegg AI	400.6538462	1	article
//fr.wikipedia.org/wiki/Monte_Verità	Monte Verità	399.8333333	2	article
//de.wikipedia.org/wiki/Schwerzenbach	Schwerzenbach	398.1923077	1	article
//de.wikipedia.org/wiki/Abtwil_SG	Abtwil SG	395.5769231	1	article
//de.wikipedia.org/wiki/Oberengstringen	Oberengstringen	394.8076923	1	article
//de.wikipedia.org/wiki/Oetwil_an_der_Limmat	Oetwil an der Limmat	392.5384615	1	article
//fa.wikipedia.org/wiki/باغشاه_(تهران)	باغشاه (تهران)	386.1153846	1	article
//de.wikipedia.org/wiki/Otelfingen	Otelfingen	374.9615385	1	article
//de.wikipedia.org/wiki/Netstal	Netstal	373.6923077	1	article
//fr.wikipedia.org/wiki/Chavannes-près-Renens	Chavannes-près-Renens	369.4230769	1	article
//de.wikipedia.org/wiki/Benken_SG	Benken SG	367.2692308	1	article
//de.wikipedia.org/wiki/Feuerthalen	Feuerthalen	367.0384615	1	article
//de.wikipedia.org/wiki/Schattdorf	Schattdorf	365.3846154	1	article
//es.wikipedia.org/wiki/Aeródromo_de_Tablada	Aeródromo de Tablada	364.3461538	1	article
//ar.wikipedia.org/wiki/الإسلام_في_العراق	الإسلام في العراق	363.6538462	1	user_page
//de.wikipedia.org/wiki/Dällikon	Dällikon	356.6153846	1	article
//de.wikipedia.org/wiki/Seedamm_von_Rapperswil	Seedamm von Rapperswil	352.9615385	2	article
//de.wikipedia.org/wiki/Bundesplatz_(Bern)	Bundesplatz (Bern)	352.3076923	1	article
//de.wikipedia.org/wiki/Bilten	Bilten	347.9230769	1	article
//fr.wikipedia.org/wiki/Aéroport_de_Lausanne-Blécherette	Aéroport de Lausanne-Blécherette	347.8846154	1	article
//de.wikipedia.org/wiki/Oberrieden_ZH	Oberrieden ZH	343.6538462	1	article
//de.wikipedia.org/wiki/Freienstein-Teufen	Freienstein-Teufen	342.5769231	2	article
//de.wikipedia.org/wiki/Weiningen_ZH	Weiningen ZH	338.3461538	1	article
//de.wikipedia.org/wiki/Niederurnen	Niederurnen	338.0769231	1	article
//de.wikipedia.org/wiki/Bière	Bière	336.1923077	2	article
//de.wikipedia.org/wiki/Bahnstrecke_Chur–Rorschach	Bahnstrecke Chur–Rorschach	331.6923077	1	article
//de.wikipedia.org/wiki/Engelburg	Engelburg	330.2692308	1	article
//de.wikipedia.org/wiki/Seedorf_BE	Seedorf BE	328.1153846	1	article
//de.wikipedia.org/wiki/Broye_(Fluss)	Broye (Fluss)	327.5	1	article
//de.wikipedia.org/wiki/Wettswil_am_Albis	Wettswil am Albis	326.0384615	1	article
//de.wikipedia.org/wiki/Schloss_Werdenberg	Schloss Werdenberg	325.1923077	1	article
//da.wikipedia.org/wiki/Alpe_d'Huez	Alpe d'Huez	324.4615385	1	article
//fa.wikipedia.org/wiki/نو_جلفا	نو جلفا	322.9615385	1	article
//de.wikipedia.org/wiki/Hundwil	Hundwil	320.5384615	1	article
//de.wikipedia.org/wiki/Basel-St._Johann	Basel-St. Johann	320.1923077	1	article
//de.wikipedia.org/wiki/Sisikon	Sisikon	317.9615385	1	article
//de.wikipedia.org/wiki/Laufwasserkraftwerke_an_der_Glatt	Laufwasserkraftwerke an der Glatt	317	2	article
//de.wikipedia.org/wiki/Schwellbrunn	Schwellbrunn	314.5	1	article
//de.wikipedia.org/wiki/Sihlbrugg	Sihlbrugg	312.6923077	1	article
//hu.wikipedia.org/wiki/Wikipédia:Évfordulók/május	Wikipédia:Évfordulók/május	311.3076923	2	wikipedia_page
//fr.wikipedia.org/wiki/Bondo_(Grisons)	Bondo (Grisons)	310.6153846	1	article
//de.wikipedia.org/wiki/Rehetobel	Rehetobel	310	1	article
//de.wikipedia.org/wiki/Schwanden_GL	Schwanden GL	309.4615385	1	article
//de.wikipedia.org/wiki/Hittnau	Hittnau	302.7692308	1	article
//de.wikipedia.org/wiki/Unterengstringen	Unterengstringen	298.6923077	1	article
//de.wikipedia.org/wiki/Aeschi_bei_Spiez	Aeschi bei Spiez	297.4615385	2	article
//de.wikipedia.org/wiki/Bodio_TI	Bodio TI	297.1923077	1	article
//de.wikipedia.org/wiki/Schönenberg_ZH	Schönenberg ZH	295.8461538	1	article
//de.wikipedia.org/wiki/Gonten	Gonten	293.0769231	1	article
//de.wikipedia.org/wiki/St._Gallenkappel	St. Gallenkappel	293	1	article
//hu.wikipedia.org/wiki/Wikipédia:Évfordulók/január	Wikipédia:Évfordulók/január	289.5769231	1	wikipedia_page
//en.wikipedia.org/wiki/Johann_Jakob_Müller	Johann Jakob Müller	286.8076923	1	article
//de.wikipedia.org/wiki/Bütschwil	Bütschwil	280.2692308	2	article
//de.wikipedia.org/wiki/Albert_Heim	Albert Heim	279.3846154	1	article
//de.wikipedia.org/wiki/Wila	Wila	274.8461538	1	article
//de.wikipedia.org/wiki/Raffinerie_Collombey	Raffinerie Collombey	273.9230769	1	article
//de.wikipedia.org/wiki/Kloster_Bellelay	Kloster Bellelay	269.4230769	1	article
//en.wikipedia.org/wiki/Timeline_of_Tangier	Timeline of Tangier	265.5384615	1	article
//de.wikipedia.org/wiki/Olivone	Olivone	265.5384615	1	article
//hu.wikipedia.org/wiki/Csád-tó	Csád-tó	264.2692308	1	article
//de.wikipedia.org/wiki/Waldstatt	Waldstatt	263.5384615	1	article
//de.wikipedia.org/wiki/Melchtal	Melchtal	262.2692308	1	article
//en.wikipedia.org/wiki/Riva_San_Vitale	Riva San Vitale	261.6538462	1	article
//fr.wikipedia.org/wiki/Caux_(Montreux)	Caux (Montreux)	261.6153846	1	article
//de.wikipedia.org/wiki/Wolfhalden	Wolfhalden	261.2307692	1	article
//fa.wikipedia.org/wiki/برج_آرامگاه_علاءالدین	برج آرامگاه علاءالدین	261.0769231	2	article
//de.wikipedia.org/wiki/Schächental	Schächental	260.4615385	1	article
//de.wikipedia.org/wiki/Dornier_Do_K	Dornier Do K	255.3846154	2	article
//de.wikipedia.org/wiki/Seegräben	Seegräben	251.0769231	1	article
//de.wikipedia.org/wiki/Schwende_AI	Schwende AI	248.3076923	1	article
//de.wikipedia.org/wiki/Melide_TI	Melide TI	246.8846154	1	article
//de.wikipedia.org/wiki/Bitsch_VS	Bitsch VS	241.0769231	1	article
//ru.wikipedia.org/wiki/Пересвет_(фрегат)	Пересвет (фрегат)	240	1	article
//de.wikipedia.org/wiki/Schweizer_Zucker	Schweizer Zucker	238.7307692	2	article
//de.wikipedia.org/wiki/Feegletscher	Feegletscher	238.1538462	2	article
//de.wikipedia.org/wiki/Stoss_AR	Stoss AR	236.2307692	1	article
//de.wikipedia.org/wiki/Herznach	Herznach	235.5	1	article
//de.wikipedia.org/wiki/Hettlingen_ZH	Hettlingen ZH	233	1	article
//de.wikipedia.org/wiki/Kaserne_Basel	Kaserne Basel	231.8461538	1	article
//en.wikipedia.org/wiki/Stefano_Franscini	Stefano Franscini	229.5	1	article
//de.wikipedia.org/wiki/Rickenbach_ZH	Rickenbach ZH	229.3461538	1	article
//fa.wikipedia.org/wiki/دژ_ایزدخواست	دژ ایزدخواست	229.0384615	2	article
//en.wikipedia.org/wiki/Friedrich_Theodor_Vischer	Friedrich Theodor Vischer	228.3076923	1	article
//en.wikipedia.org/wiki/Lac_d'Émosson	Lac d'Émosson	225.6666667	1	article
//de.wikipedia.org/wiki/Usego	Usego	225.1538462	1	article
//de.wikipedia.org/wiki/Beznau	Beznau	224.7307692	1	article
//de.wikipedia.org/wiki/Schlatt-Haslen	Schlatt-Haslen	223.1923077	1	article
//hu.wikipedia.org/wiki/Wikipédia:Évfordulók/október	Wikipédia:Évfordulók/október	221.2307692	1	wikipedia_page
//de.wikipedia.org/wiki/Ibn-Tulun-Moschee	Ibn-Tulun-Moschee	221.1153846	1	article
//de.wikipedia.org/wiki/Sultan-Hasan-Moschee	Sultan-Hasan-Moschee	219.6538462	1	article
//de.wikipedia.org/wiki/Biglen	Biglen	216.2307692	1	article
//cs.wikipedia.org/wiki/Metro_v_Madridu	Metro v Madridu	215.5	1	article
//de.wikipedia.org/wiki/Landqart	Landqart	215	1	article
//de.wikipedia.org/wiki/Lutzenberg_AR	Lutzenberg AR	212.8076923	1	article
//de.wikipedia.org/wiki/Weissbad	Weissbad	211.7307692	1	article
//de.wikipedia.org/wiki/Eisten_VS	Eisten VS	211.6538462	1	article
//de.wikipedia.org/wiki/Schönengrund	Schönengrund	209.3461538	1	article
//de.wikipedia.org/wiki/Wiler_bei_Utzenstorf	Wiler bei Utzenstorf	208.9230769	1	article
//de.wikipedia.org/wiki/Landhof	Landhof	208.8461538	1	article
//fa.wikipedia.org/wiki/کوه‌های_مرکزی_ایران	کوه‌های مرکزی ایران	207.173913	1	article
//de.wikipedia.org/wiki/Deutsches_Haus_(Agra)	Deutsches Haus (Agra)	204.0769231	1	article
//de.wikipedia.org/wiki/Ez-Zitouna-Moschee	Ez-Zitouna-Moschee	204.0384615	1	article
//de.wikipedia.org/wiki/Freibad_Letzigraben	Freibad Letzigraben	203.5	4	article
//de.wikipedia.org/wiki/Stein_AR	Stein AR	198.8846154	1	article
//de.wikipedia.org/wiki/Fulenbach	Fulenbach	198.0769231	1	article
//de.wikipedia.org/wiki/Bühler_AR	Bühler AR	196.3461538	1	article
//de.wikipedia.org/wiki/Benken_ZH	Benken ZH	193.4615385	1	article
//fa.wikipedia.org/wiki/میدان_امام_علی	میدان امام علی	189.6923077	1	article
//sl.wikipedia.org/wiki/Časovni_pregled_življenja_Alberta_Einsteina	Časovni pregled življenja Alberta Einsteina	183.6153846	2	article
//de.wikipedia.org/wiki/Ellikon_an_der_Thur	Ellikon an der Thur	182.3076923	1	article
//de.wikipedia.org/wiki/Forschungsreaktor_Diorit	Forschungsreaktor Diorit	181.4615385	1	article
//de.wikipedia.org/wiki/Schweizerische_Ausstellung_für_Frauenarbeit	Schweizerische Ausstellung für Frauenarbeit	178.4615385	4	article
//de.wikipedia.org/wiki/Carlton_Hotel_St._Moritz	Carlton Hotel St. Moritz	176.125	1	article
//de.wikipedia.org/wiki/Junkers-Spitzbergen-Expedition	Junkers-Spitzbergen-Expedition	175.5	4	article
//it.wikipedia.org/wiki/Cadempino	Cadempino	174.1153846	1	article
//de.wikipedia.org/wiki/Saland	Saland	174.0384615	1	article
//fa.wikipedia.org/wiki/کاروان	کاروان	172.5769231	2	article
//de.wikipedia.org/wiki/Domhütte	Domhütte	171.6153846	1	article
//de.wikipedia.org/wiki/Kanderkorrektion	Kanderkorrektion	169.8461538	1	article
//de.wikipedia.org/wiki/Wald_AR	Wald AR	169.3846154	1	article
//de.wikipedia.org/wiki/Sauriermuseum_Aathal	Sauriermuseum Aathal	167.8846154	1	article
//fr.wikipedia.org/wiki/Histoire_de_Cadix	Histoire de Cadix	167.8076923	1	article
//de.wikipedia.org/wiki/Gibswil	Gibswil	165.7692308	1	article
//ru.wikipedia.org/wiki/Штейнмец,_Чарлз_Протеус	Штейнмец, Чарлз Протеус	164.3461538	1	article
//de.wikipedia.org/wiki/Engi_GL	Engi GL	163.8076923	1	article
//ru.wikipedia.org/wiki/Биркигт,_Марк	Биркигт, Марк	163.6923077	1	article
//de.wikipedia.org/wiki/Gempenturm	Gempenturm	159.4615385	1	article
//de.wikipedia.org/wiki/Altreu	Altreu	157.1538462	1	article
//sv.wikipedia.org/wiki/Wikipedia:Veckans_tävling/Pyeongchang!_II_–_Nordafrika	Wikipedia:Veckans tävling/Pyeongchang! II – Nordafrika	157	1	wikipedia_page
//de.wikipedia.org/wiki/Laufwasserkraftwerke_an_der_Töss	Laufwasserkraftwerke an der Töss	156.5	3	article
//de.wikipedia.org/wiki/Gäbris	Gäbris	155.5384615	1	article
//en.wikipedia.org/wiki/Uznach	Uznach	155.5	1	article
//de.wikipedia.org/wiki/St._Anton_(Pass)	St. Anton (Pass)	154.1923077	1	article
//de.wikipedia.org/wiki/Altikon	Altikon	154.1538462	1	article
//de.wikipedia.org/wiki/Eischoll	Eischoll	153.8076923	1	article
//de.wikipedia.org/wiki/Bin_oder_Die_Reise_nach_Peking	Bin oder Die Reise nach Peking	153.4615385	1	article
//de.wikipedia.org/wiki/Rieden_SG	Rieden SG	153.1538462	1	article
//de.wikipedia.org/wiki/Hundwiler_Höhi	Hundwiler Höhi	153	1	article
//en.wikipedia.org/wiki/Karl_Moser	Karl Moser	151.4230769	2	article
//de.wikipedia.org/wiki/Victor_Meyer	Victor Meyer	151	1	article
//de.wikipedia.org/wiki/Matt_GL	Matt GL	150.2307692	1	article
//de.wikipedia.org/wiki/Schloss_Wartensee	Schloss Wartensee	149.1923077	1	article
//ja.wikipedia.org/wiki/H.モーザー	H.モーザー	148.5	1	article
//de.wikipedia.org/wiki/Oberurnen	Oberurnen	147.6923077	1	article
//bs.wikipedia.org/wiki/Svjetsko_prvenstvo_u_nogometu_1954.	Svjetsko prvenstvo u nogometu 1954.	146.7692308	2	article
//de.wikipedia.org/wiki/Walther_Bringolf	Walther Bringolf	144.0769231	1	article
//en.wikipedia.org/wiki/Gustav_Zeuner	Gustav Zeuner	143.9230769	1	article
//de.wikipedia.org/wiki/Kloster_Magdenau	Kloster Magdenau	141	1	article
//de.wikipedia.org/wiki/Albert-Heim-Hütte	Albert-Heim-Hütte	138.8461538	1	article
//it.wikipedia.org/wiki/Vico_Morcote	Vico Morcote	138.6153846	1	article
//de.wikipedia.org/wiki/Karl_Kobelt	Karl Kobelt	137.5384615	1	article
//de.wikipedia.org/wiki/Lienz_SG	Lienz SG	135.1153846	1	article
//de.wikipedia.org/wiki/Gamsen_VS	Gamsen VS	132.3461538	1	article
//en.wikipedia.org/wiki/Paul-Armand_Challemel-Lacour	Paul-Armand Challemel-Lacour	132.3076923	3	article
//de.wikipedia.org/wiki/Burg_Alt-Toggenburg	Burg Alt-Toggenburg	130.6538462	1	article
//de.wikipedia.org/wiki/Cavigliano	Cavigliano	130.5769231	1	article
//pt.wikipedia.org/wiki/Lista_de_palestrantes_do_Congresso_Internacional_de_Matemáticos	Lista de palestrantes do Congresso Internacional de Matemáticos	128.0454545	1	article
//de.wikipedia.org/wiki/Palagnedra	Palagnedra	127.9230769	1	article
//de.wikipedia.org/wiki/Arnold_Heim	Arnold Heim	127.9230769	1	article
//de.wikipedia.org/wiki/Eisenbahnerstadt	Eisenbahnerstadt	127.3846154	1	article
//de.wikipedia.org/wiki/Güterbahnhof_Wolf	Güterbahnhof Wolf	126.92	1	article
//en.wikipedia.org/wiki/Timeline_of_Marrakesh	Timeline of Marrakesh	126.7692308	1	article
//de.wikipedia.org/wiki/Aerodromo_Ascona	Aerodromo Ascona	125.5	1	article
//ru.wikipedia.org/wiki/Сименсы	Сименсы	125.15	1	article
//de.wikipedia.org/wiki/Über_die_von_der_molekularkinetischen_Theorie_der_Wärme_geforderte_Bewegung_von_in_ruhenden_Flüssigkeiten_suspendierten_Teilchen	Über die von der molekularkinetischen Theorie der Wärme geforderte Bewegung von in ruhenden Flüssigkeiten suspendierten Teilchen	124.3	1	article
//fr.wikipedia.org/wiki/Fribourgeoise	Fribourgeoise	120.9230769	1	article
//de.wikipedia.org/wiki/Piz_Platta	Piz Platta	120.5769231	1	article
//de.wikipedia.org/wiki/Piz_Languard	Piz Languard	120.3846154	1	article
//de.wikipedia.org/wiki/Ganterschwil	Ganterschwil	119.8076923	1	article
//de.wikipedia.org/wiki/Arosio_TI	Arosio TI	117.1923077	1	article
//en.wikipedia.org/wiki/Wikipedia:Wikipedia_Signpost/2016-09-06/Blog	Wikipedia:Wikipedia Signpost/2016-09-06/Blog	116.7727273	4	wikipedia_page
//de.wikipedia.org/wiki/Schmidrüti	Schmidrüti	115.8461538	1	article
//it.wikipedia.org/wiki/Camignolo	Camignolo	115.3076923	1	article
//de.wikipedia.org/wiki/Agarn	Agarn	112.3076923	2	article
//de.wikipedia.org/wiki/Bellechasse_FR	Bellechasse FR	111.8076923	1	article
//de.wikipedia.org/wiki/Lac_de_Montsalvens	Lac de Montsalvens	111.6923077	1	article
//ru.wikipedia.org/wiki/Эшер,_Альфред	Эшер, Альфред	111.0384615	1	article
//de.wikipedia.org/wiki/Bruggen_(St._Gallen)	Bruggen (St. Gallen)	110.6538462	1	article
//fr.wikipedia.org/wiki/Le_terrible_hiver	Le terrible hiver	108.8461538	2	article
//ru.wikipedia.org/wiki/Вебер,_Генрих_Мартин	Вебер, Генрих Мартин	106.8846154	1	article
//de.wikipedia.org/wiki/Tunnel_du_Mont_d’Or	Tunnel du Mont d’Or	104.7692308	1	article
//de.wikipedia.org/wiki/Lenzer_Horn	Lenzer Horn	104.5	1	article
//de.wikipedia.org/wiki/Gähwil	Gähwil	103.5	1	article
//de.wikipedia.org/wiki/Hanro-Sammlung	Hanro-Sammlung	100.9230769	1	article
//en.wikipedia.org/wiki/Panix_Pass	Panix Pass	100.0384615	1	article
//de.wikipedia.org/wiki/Spital_Männedorf	Spital Männedorf	98.44444444	1	article
//de.wikipedia.org/wiki/Kettenbrücke_(Aarau)	Kettenbrücke (Aarau)	98.19230769	1	article
//fr.wikipedia.org/wiki/Nelly_Diener	Nelly Diener	97.19230769	3	article
//it.wikipedia.org/wiki/Weiach	Weiach	95.65384615	1	article
//de.wikipedia.org/wiki/Oschwand	Oschwand	93.92307692	1	article
//de.wikipedia.org/wiki/Kurt_Wegener	Kurt Wegener	93.15384615	1	article
//de.wikipedia.org/wiki/Kerenzerbergtunnel	Kerenzerbergtunnel	92.92307692	1	article
//cs.wikipedia.org/wiki/La_Chaux-de-Fonds	La Chaux-de-Fonds	92.23076923	2	article
//nl.wikipedia.org/wiki/Menelik_I	Menelik I	91.46153846	2	article
//de.wikipedia.org/wiki/Tschiervagletscher	Tschiervagletscher	90.30769231	1	article
//it.wikipedia.org/wiki/Meringa_(Gran_Zebrù)	Meringa (Gran Zebrù)	89.84615385	1	article
//de.wikipedia.org/wiki/Viceroy_of_India	Viceroy of India	89.53846154	1	article
//de.wikipedia.org/wiki/Schwarzenbach_LU	Schwarzenbach LU	89.38461538	1	article
//de.wikipedia.org/wiki/Bärau	Bärau	87.38461538	1	article
//de.wikipedia.org/wiki/Baldegger_Schwestern	Baldegger Schwestern	84.76923077	2	article
//de.wikipedia.org/wiki/Kathedrale_Hl._Vinzenz_von_Paul	Kathedrale Hl. Vinzenz von Paul	83.78947368	1	article
//fr.wikipedia.org/wiki/Wikipédia:Le_Bistro/1_juin_2016	Wikipédia:Le Bistro/1 juin 2016	82.46153846	1	wikipedia_page
//fr.wikipedia.org/wiki/Coria_del_Río	Coria del Río	82	2	article
//de.wikipedia.org/wiki/Emil_Klöti	Emil Klöti	81	2	article
//de.wikipedia.org/wiki/Richard_Coray	Richard Coray	79.46153846	1	article
//de.wikipedia.org/wiki/Arnold_Escher_von_der_Linth	Arnold Escher von der Linth	79.15384615	1	article
//de.wikipedia.org/wiki/Leo_Wehrli	Leo Wehrli	77.66666667	10	article
//it.wikipedia.org/wiki/Cattedrale_di_San_Vincenzo_de'_Paoli	Cattedrale di San Vincenzo de' Paoli	77.03846154	1	article
//de.wikipedia.org/wiki/Pianezzo	Pianezzo	76.76923077	1	article
//de.wikipedia.org/wiki/Freudenberg_(St._Gallen)	Freudenberg (St. Gallen)	75.8125	1	article
//de.wikipedia.org/wiki/Münchringen	Münchringen	72.96153846	1	article
//it.wikipedia.org/wiki/Lester_Allan_Pelton	Lester Allan Pelton	72.76923077	2	article
//de.wikipedia.org/wiki/Granges_VS	Granges VS	70.80769231	1	article
//fa.wikipedia.org/wiki/تاریخ_بغداد	تاریخ بغداد	70.6	19	article
//de.wikipedia.org/wiki/Weissenburgbad	Weissenburgbad	70.57692308	1	article
//de.wikipedia.org/wiki/General_Aviation_GA-43	General Aviation GA-43	70.42857143	1	article
//de.wikipedia.org/wiki/Gessner_Holding	Gessner Holding	69.85714286	1	article
//als.wikipedia.org/wiki/Bonaduz	Bonaduz	69.46153846	1	article
//fa.wikipedia.org/wiki/مهیار_(شهرضا)	مهیار (شهرضا)	68.73076923	1	article
//fr.wikipedia.org/wiki/Gampel	Gampel	67.88461538	1	article
//de.wikipedia.org/wiki/Robert_Haab	Robert Haab	67.65384615	1	article
//en.wikipedia.org/wiki/SDS_930	SDS 930	66.73076923	0	article
//it.wikipedia.org/wiki/Aadorf	Aadorf	66.57692308	1	article
//en.wikipedia.org/wiki/Arnold_Bürkli	Arnold Bürkli	65.84615385	2	article
//de.wikipedia.org/wiki/Conradin_Zschokke	Conradin Zschokke	65.65384615	1	article
//de.wikipedia.org/wiki/Kraftwerk_Rathausen	Kraftwerk Rathausen	65	1	article
//fr.wikipedia.org/wiki/Château_de_Colombier	Château de Colombier	64	2	article
//de.wikipedia.org/wiki/Solvay_Schweiz	Solvay Schweiz	63.13333333	1	article
//he.wikipedia.org/wiki/גמר_מונדיאל_1954	גמר מונדיאל 1954	61.84615385	1	article
//de.wikipedia.org/wiki/Ried-Mörel	Ried-Mörel	61.76923077	1	article
//fr.wikipedia.org/wiki/Eugène_Rambert	Eugène Rambert	60.96153846	3	article
//de.wikipedia.org/wiki/Rudolf_Bernoulli	Rudolf Bernoulli	60.5	1	article
//de.wikipedia.org/wiki/Robert_Schwarzenbach_&_Co	Robert Schwarzenbach & Co	60.14285714	#N/D	article
//it.wikipedia.org/wiki/Le_Mont-sur-Lausanne	Le Mont-sur-Lausanne	59.96153846	1	article
//de.wikipedia.org/wiki/Gorduno	Gorduno	59.46153846	1	article
//fr.wikipedia.org/wiki/Château_de_Pregny	Château de Pregny	59.33333333	1	article
//it.wikipedia.org/wiki/Au_(Svizzera)	Au (Svizzera)	59.11538462	1	article
//ar.wikipedia.org/wiki/مستخدم:ElWaliElAlaoui/ملعب_16	مستخدم:ElWaliElAlaoui/ملعب 16	58.55555556	1	user_page
//de.wikipedia.org/wiki/Gnosca	Gnosca	58.23076923	1	article
//de.wikipedia.org/wiki/Arthur_Neumann	Arthur Neumann	58	2	article
//en.wikipedia.org/wiki/Wikipedia:WikiProject_Women/Women_in_Green/Most_prominent_women	Wikipedia:WikiProject Women/Women in Green/Most prominent women	57	1	wikipedia_page
//en.wikipedia.org/wiki/Liesberg	Liesberg	55.34615385	1	article
//de.wikipedia.org/wiki/Kraftwerk_Gebenstorf	Kraftwerk Gebenstorf	55	1	article
//de.wikipedia.org/wiki/Salins_VS	Salins VS	55	1	article
//cs.wikipedia.org/wiki/Portál:Letectví/Galerie/Archiv	Portál:Letectví/Galerie/Archiv	54.15384615	1	article
//en.wikipedia.org/wiki/User:Stinglehammer/Mactutor	User:Stinglehammer/Mactutor	54	6	user_page
//de.wikipedia.org/wiki/Neschwil	Neschwil	53.53846154	1	article
//de.wikipedia.org/wiki/Bahnhof_Turgi	Bahnhof Turgi	53.26923077	1	article
//it.wikipedia.org/wiki/Urdorf	Urdorf	53.07692308	1	article
//de.wikipedia.org/wiki/Pantenbrücke	Pantenbrücke	53.07692308	1	article
//de.wikipedia.org/wiki/Familienheim-Genossenschaft_Zürich	Familienheim-Genossenschaft Zürich	52.30769231	1	article
//de.wikipedia.org/wiki/St._Albanbrücke	St. Albanbrücke	51.88461538	1	article
//it.wikipedia.org/wiki/Prilly	Prilly	51.30769231	1	article
//ru.wikipedia.org/wiki/Бемерт,_Карл_Виктор	Бемерт, Карл Виктор	51.26923077	1	article
//fr.wikipedia.org/wiki/Max_Cosyns	Max Cosyns	51.07692308	2	article
//de.wikipedia.org/wiki/Riethüsli	Riethüsli	50.34615385	1	article
//de.wikipedia.org/wiki/Kraftwerk_Perlen	Kraftwerk Perlen	50.25	2	article
//de.wikipedia.org/wiki/Benutzer:ETH-Bibliothek	Benutzer:ETH-Bibliothek	50.19230769	56	user_page
//it.wikipedia.org/wiki/Illnau-Effretikon	Illnau-Effretikon	50.03846154	3	article
//de.wikipedia.org/wiki/Pfarrkirche_St._Laurentius_(Schaan)	Pfarrkirche St. Laurentius (Schaan)	49.83333333	1	article
//pt.wikipedia.org/wiki/Cemitério_de_San_Isidro	Cemitério de San Isidro	49.46666667	1	article
//de.wikipedia.org/wiki/Trientgletscher	Trientgletscher	49.42307692	1	article
//it.wikipedia.org/wiki/Saint-Sulpice_(Svizzera)	Saint-Sulpice (Svizzera)	49	1	article
//es.wikipedia.org/wiki/Usuario:Gerwoman/Taller16	Usuario:Gerwoman/Taller16	48.61538462	5	user_page
//de.wikipedia.org/wiki/Saphir_(Atomreaktor)	Saphir (Atomreaktor)	47.43478261	1	article
//de.wikipedia.org/wiki/Walter_Saxer	Walter Saxer	47.38461538	1	article
//it.wikipedia.org/wiki/Diga_di_Palagnedra	Diga di Palagnedra	47.23076923	1	article
//de.wikipedia.org/wiki/Gebrüder_Näf	Gebrüder Näf	46.83333333	2	article
//en.wikipedia.org/wiki/Hans_Schinz	Hans Schinz	46.76923077	1	article
//de.wikipedia.org/wiki/Emil_Berna	Emil Berna	46.76923077	1	article
//de.wikipedia.org/wiki/Käpfnach	Käpfnach	46.76923077	1	article
//de.wikipedia.org/wiki/Willi_Eugster	Willi Eugster	46.25	1	article
//en.wikipedia.org/wiki/Arthropitys	Arthropitys	46	1	article
//de.wikipedia.org/wiki/Gmündertobelbrücke	Gmündertobelbrücke	45.36842105	2	article
//de.wikipedia.org/wiki/Aettenschwil	Aettenschwil	45.34615385	1	article
//de.wikipedia.org/wiki/Wilhelm_Fiedler	Wilhelm Fiedler	45.23076923	4	article
//de.wikipedia.org/wiki/Dietfurt_SG	Dietfurt SG	44.92307692	1	article
//es.wikipedia.org/wiki/Usuario:Gerwoman/Taller5	Usuario:Gerwoman/Taller5	44.76470588	4	user_page
//de.wikipedia.org/wiki/Benutzer:GerhardSchuhmacher/Kburg	Benutzer:GerhardSchuhmacher/Kburg	44.71428571	0	user_page
//de.wikipedia.org/wiki/Pizzo_Barone	Pizzo Barone	44	1	article
//de.wikipedia.org/wiki/Albert_Lück	Albert Lück	43	1	article
//de.wikipedia.org/wiki/Pfarrkirche_St._Nikolaus_(Balzers)	Pfarrkirche St. Nikolaus (Balzers)	42.5	1	article
//en.wikipedia.org/wiki/Cornaux	Cornaux	42.38461538	1	article
//de.wikipedia.org/wiki/Altbach_(Glatt)	Altbach (Glatt)	42.16666667	2	article
//it.wikipedia.org/wiki/Sevelen	Sevelen	41.88461538	1	article
//de.wikipedia.org/wiki/Spiez-Frutigen-Bahn	Spiez-Frutigen-Bahn	41.88461538	0	article
//de.wikipedia.org/wiki/Bosco_Luganese	Bosco Luganese	41.76923077	1	article
//ru.wikipedia.org/wiki/Боллей,_Помпей	Боллей, Помпей	40.80769231	1	article
//de.wikipedia.org/wiki/Piz_Lagrev	Piz Lagrev	40.44444444	1	article
//de.wikipedia.org/wiki/Männliflue	Männliflue	39.52941176	1	article
//it.wikipedia.org/wiki/Newtontoppen	Newtontoppen	39	1	article
//it.wikipedia.org/wiki/Prangins	Prangins	38.61538462	1	article
//it.wikipedia.org/wiki/Banca_nazionale_d'Etiopia	Banca nazionale d'Etiopia	38	1	article
//no.wikipedia.org/wiki/Sandoz	Sandoz	38	3	article
//de.wikipedia.org/wiki/Liste_der_Kulturgüter_in_Davos	Liste der Kulturgüter in Davos	37.34615385	1	article
//fr.wikipedia.org/wiki/Centrale_hydroélectrique_de_Birsfelden	Centrale hydroélectrique de Birsfelden	37.1	1	article
//de.wikipedia.org/wiki/Burg_Helfenberg_(St._Gallen)	Burg Helfenberg (St. Gallen)	37	1	article
//fr.wikipedia.org/wiki/Jean-Rodolphe_de_Salis	Jean-Rodolphe de Salis	36.65384615	1	article
//fr.wikipedia.org/wiki/Jules_Marcou	Jules Marcou	35.96153846	4	article
//en.wikipedia.org/wiki/Alfred_Ernst	Alfred Ernst	35.65384615	1	article
//als.wikipedia.org/wiki/Schiffsschleuse	Schiffsschleuse	35	1	article
//de.wikipedia.org/wiki/Mex_VS	Mex VS	34.61538462	1	article
//de.wikipedia.org/wiki/Surettahorn	Surettahorn	34	2	article
//it.wikipedia.org/wiki/Apples	Apples	33.5	1	article
//it.wikipedia.org/wiki/Bursinel	Bursinel	33.03846154	1	article
//de.wikipedia.org/wiki/Johannes_Wild_(Kartograf)	Johannes Wild (Kartograf)	33.03846154	1	article
//es.wikipedia.org/wiki/Banco_Nacional_de_Etiopía	Banco Nacional de Etiopía	32.625	2	article
//id.wikipedia.org/wiki/Wikipedia:Laporan_basis_data/Anggota_Akademi_Kesenian_dan_Ilmu_Pengetahuan_Belanda	Wikipedia:Laporan basis data/Anggota Akademi Kesenian dan Ilmu Pengetahuan Belanda	32.5	1	wikipedia_page
//de.wikipedia.org/wiki/Torre_Belvedere	Torre Belvedere	32.42307692	1	article
//de.wikipedia.org/wiki/Mariahilf-Kapelle_(Balzers)	Mariahilf-Kapelle (Balzers)	32.27272727	1	article
//de.wikipedia.org/wiki/Geisspfad	Geisspfad	31.91666667	1	article
//de.wikipedia.org/wiki/Holzbrücke_Fulenbach–Murgenthal	Holzbrücke Fulenbach–Murgenthal	31.86363636	1	article
//it.wikipedia.org/wiki/Scherzingen	Scherzingen	31.71428571	1	article
//als.wikipedia.org/wiki/Saane	Saane	31.66666667	1	article
//de.wikipedia.org/wiki/Alteingrat	Alteingrat	31.33333333	1	article
//en.wikipedia.org/wiki/Friedrich_Prym	Friedrich Prym	31.07692308	2	article
//pt.wikipedia.org/wiki/Eugen_Bamberger	Eugen Bamberger	30.88461538	5	article
//de.wikipedia.org/wiki/Wilhelm_Ritter_(Bauingenieur)	Wilhelm Ritter (Bauingenieur)	30.53846154	1	article
//de.wikipedia.org/wiki/Hämelbach	Hämelbach	30.33333333	1	article
//it.wikipedia.org/wiki/Crans-près-Céligny	Crans-près-Céligny	30.23076923	1	article
//en.wikipedia.org/wiki/Johann_Konrad_Kern	Johann Konrad Kern	29.92307692	1	article
//de.wikipedia.org/wiki/Val_Plattas	Val Plattas	29.66666667	1	article
//de.wikipedia.org/wiki/Axalphorn	Axalphorn	29.5	1	article
//de.wikipedia.org/wiki/Kraftwerk_Windisch	Kraftwerk Windisch	29	1	article
//de.wikipedia.org/wiki/Giuseppe_Zoppi	Giuseppe Zoppi	28.38461538	1	article
//it.wikipedia.org/wiki/Mase	Mase	27.11538462	1	article
//en.wikipedia.org/wiki/Wikipedia:WikiProject_Women_in_Red/Missing_articles_by_nationality/Switzerland	Wikipedia:WikiProject Women in Red/Missing articles by nationality/Switzerland	27.03846154	0	wikipedia_page
//de.wikipedia.org/wiki/Zuqualla	Zuqualla	27	1	article
//en.wikipedia.org/wiki/Boécourt	Boécourt	26.80769231	1	article
//it.wikipedia.org/wiki/Niederhasli	Niederhasli	26.42307692	1	article
//it.wikipedia.org/wiki/Ardon_(Svizzera)	Ardon (Svizzera)	26.38461538	1	article
//en.wikipedia.org/wiki/Erschwil	Erschwil	26.11538462	1	article
//it.wikipedia.org/wiki/Chermignon	Chermignon	25.61538462	1	article
//de.wikipedia.org/wiki/Benutzer:Draemmli/Explosionskatastrophe_von_Mitholz	Benutzer:Draemmli/Explosionskatastrophe von Mitholz	25.18181818	1	user_page
//ar.wikipedia.org/wiki/مستخدم:ElWaliElAlaoui/ملعب_19	مستخدم:ElWaliElAlaoui/ملعب 19	25.11111111	55	user_page
//it.wikipedia.org/wiki/Oetwil_am_See	Oetwil am See	24.73076923	2	article
//cs.wikipedia.org/wiki/Le_Locle	Le Locle	24.625	3	article
//ca.wikipedia.org/wiki/Usuari:Enaeinfo/proves	Usuari:Enaeinfo/proves	24.6	1	user_page
//en.wikipedia.org/wiki/Albert_Mousson	Albert Mousson	24.38461538	1	article
//de.wikipedia.org/wiki/Graitery	Graitery	24.30769231	1	article
//sv.wikipedia.org/wiki/Sandozolyckan	Sandozolyckan	24.19230769	1	article
//it.wikipedia.org/wiki/Randogne	Randogne	23.26923077	1	article
//de.wikipedia.org/wiki/Eduard_Amstutz	Eduard Amstutz	22.95652174	1	article
//it.wikipedia.org/wiki/Champagne_(Svizzera)	Champagne (Svizzera)	22.61538462	1	article
//no.wikipedia.org/wiki/Nederlandsche_Spitsbergen_Compagnie	Nederlandsche Spitsbergen Compagnie	22.5	1	article
//it.wikipedia.org/wiki/Saint-Blaise_(Svizzera)	Saint-Blaise (Svizzera)	22.30769231	1	article
//de.wikipedia.org/wiki/Piz_Mez	Piz Mez	22.11538462	1	article
//it.wikipedia.org/wiki/Pizzo_delle_Tre_Mogge	Pizzo delle Tre Mogge	22	1	article
//de.wikipedia.org/wiki/Liste_der_Kulturgüter_in_Egnach	Liste der Kulturgüter in Egnach	21.84615385	1	article
//my.wikipedia.org/wiki/ဒန်နီယယ်_ဘာနော့လိ	ဒန်နီယယ် ဘာနော့လိ	21.83333333	1	article
//pl.wikipedia.org/wiki/Centralna_Szkoła_Podoficerów_Pilotów_Lotnictwa	Centralna Szkoła Podoficerów Pilotów Lotnictwa	21.83333333	1	article
//de.wikipedia.org/wiki/Robert_Gnehm	Robert Gnehm	21.15384615	1	article
//de.wikipedia.org/wiki/Liste_der_Kulturgüter_in_Unterägeri	Liste der Kulturgüter in Unterägeri	21.15384615	2	article
//en.wikipedia.org/wiki/Karl_Kappeler	Karl Kappeler	20.92307692	1	article
//fr.wikipedia.org/wiki/Centrale_électrique_d'Augst-Wyhlen	Centrale électrique d'Augst-Wyhlen	20.69230769	1	article
//it.wikipedia.org/wiki/Romanel-sur-Lausanne	Romanel-sur-Lausanne	20.34615385	1	article
//de.wikipedia.org/wiki/Johann_Jakob_Treichler	Johann Jakob Treichler	20.23076923	1	article
//it.wikipedia.org/wiki/Rorschacherberg	Rorschacherberg	19.80769231	1	article
//it.wikipedia.org/wiki/Savigny_(Svizzera)	Savigny (Svizzera)	19.69230769	1	article
//de.wikipedia.org/wiki/Agnes_Conway	Agnes Conway	19.41176471	1	article
//it.wikipedia.org/wiki/Arbaz	Arbaz	19.07692308	1	article
//de.wikipedia.org/wiki/Emil_Rothpletz	Emil Rothpletz	19.07692308	1	article
//it.wikipedia.org/wiki/Waldkirch_(Svizzera)	Waldkirch (Svizzera)	18.5	1	article
//vi.wikipedia.org/wiki/Alfred_Kleiner	Alfred Kleiner	18.5	6	article
//als.wikipedia.org/wiki/Umiken	Umiken	18.33333333	1	article
//de.wikipedia.org/wiki/Alfred_Wolfer	Alfred Wolfer	18.07692308	1	article
//ar.wikipedia.org/wiki/مستخدم:ElWaliElAlaoui/ملعب_6	مستخدم:ElWaliElAlaoui/ملعب 6	18	2	user_page
//fr.wikipedia.org/wiki/Emil_Mörsch	Emil Mörsch	17.96153846	2	article
//it.wikipedia.org/wiki/Glattfelden	Glattfelden	17.84615385	2	article
//de.wikipedia.org/wiki/Gatscholalücke	Gatscholalücke	17.5	1	article
//it.wikipedia.org/wiki/Chamoson	Chamoson	17.46153846	1	article
//de.wikipedia.org/wiki/Val_Curtegns	Val Curtegns	17.44444444	1	article
//de.wikipedia.org/wiki/Durnagel	Durnagel	17.0952381	1	article
//pl.wikipedia.org/wiki/Otto_Rudolf_Salvisberg	Otto Rudolf Salvisberg	16.92307692	3	article
//it.wikipedia.org/wiki/Obfelden	Obfelden	16.92307692	1	article
//de.wikipedia.org/wiki/Samuel_Wanner	Samuel Wanner	16.875	1	article
//it.wikipedia.org/wiki/Noville	Noville	16.84615385	1	article
//de.wikipedia.org/wiki/Armin_Baltzer	Armin Baltzer	16.84615385	1	article
//es.wikipedia.org/wiki/Usuario:Gerwoman/DAH	Usuario:Gerwoman/DAH	16.77777778	1	user_page
//it.wikipedia.org/wiki/Hauterive_(Neuchâtel)	Hauterive (Neuchâtel)	16.61538462	1	article
//de.wikipedia.org/wiki/Liste_der_Kulturgüter_in_Horn_TG	Liste der Kulturgüter in Horn TG	16.61538462	1	article
//it.wikipedia.org/wiki/Gachnang	Gachnang	16.42307692	1	article
//it.wikipedia.org/wiki/Aeugst_am_Albis	Aeugst am Albis	16.38461538	1	article
//de.wikipedia.org/wiki/Hans_Heinrich_Denzler	Hans Heinrich Denzler	16.15384615	1	article
//sl.wikipedia.org/wiki/Al-Khazneh	Al-Khazneh	16	1	article
//en.wikipedia.org/wiki/Richard_Lorenz_(chemist)	Richard Lorenz (chemist)	15.92307692	1	article
//de.wikipedia.org/wiki/Tambosee	Tambosee	15.875	1	article
//it.wikipedia.org/wiki/Grimisuat	Grimisuat	15.61538462	1	article
//it.wikipedia.org/wiki/Matzingen	Matzingen	15.53846154	1	article
//en.wikipedia.org/wiki/Hans_Bluntschli	Hans Bluntschli	15.30769231	2	article
//nl.wikipedia.org/wiki/Veebrug	Veebrug	15.25	1	article
//de.wikipedia.org/wiki/Miss_Europe_1936	Miss Europe 1936	15.23076923	1	article
//fr.wikipedia.org/wiki/Utilisateur:Kondah/Brouillon	Utilisateur:Kondah/Brouillon	15.16666667	1	user_page
//lv.wikipedia.org/wiki/Makss_Frišs	Makss Frišs	15.15384615	1	article
//it.wikipedia.org/wiki/Knonau	Knonau	15.11538462	1	article
//als.wikipedia.org/wiki/1178	1178	15	1	article
//it.wikipedia.org/wiki/Leytron	Leytron	14.61538462	1	article
//als.wikipedia.org/wiki/Langenthal	Langenthal	14.57692308	1	article
//azb.wikipedia.org/wiki/پوتسدام	پوتسدام	14.5625	2	article
//fr.wikipedia.org/wiki/Charly_Clerc	Charly Clerc	13.92307692	2	article
//de.wikipedia.org/wiki/Lej_da_Pischa	Lej da Pischa	13.9	1	article
//it.wikipedia.org/wiki/Corcelles-près-Payerne	Corcelles-près-Payerne	13.69230769	1	article
//hu.wikipedia.org/wiki/Varámin	Varámin	13.6	1	article
//de.wikipedia.org/wiki/Emil_Bosshard	Emil Bosshard	13.53846154	1	article
//it.wikipedia.org/wiki/Mammern	Mammern	13.34615385	1	article
//it.wikipedia.org/wiki/Nürensdorf	Nürensdorf	12.80769231	1	article
//fr.wikipedia.org/wiki/Richard_La_Nicca	Richard La Nicca	12.61538462	3	article
//es.wikipedia.org/wiki/Comunanza	Comunanza	12.38461538	2	article
//it.wikipedia.org/wiki/Gempen	Gempen	12.07692308	1	article
//sl.wikipedia.org/wiki/Ad_Deir	Ad Deir	12	2	article
//pl.wikipedia.org/wiki/Kurt_Gloor	Kurt Gloor	11.80769231	4	article
//it.wikipedia.org/wiki/Laufen-Uhwiesen	Laufen-Uhwiesen	11.46153846	1	article
//it.wikipedia.org/wiki/Kradolf-Schönenberg	Kradolf-Schönenberg	11.38461538	1	article
//de.wikipedia.org/wiki/Thomas_Würtenberger_(Geologe)	Thomas Würtenberger (Geologe)	11.38461538	1	article
//kk.wikipedia.org/wiki/Ванкдорф	Ванкдорф	11.33333333	1	article
//it.wikipedia.org/wiki/Mont_Soleil	Mont Soleil	11.33333333	3	article
//als.wikipedia.org/wiki/1179	1179	11.33333333	1	article
//de.wikipedia.org/wiki/Otto_Roth_(Bakteriologe)	Otto Roth (Bakteriologe)	11.30769231	1	article
//fr.wikipedia.org/wiki/Utilisateur:Klipe	Utilisateur:Klipe	11.26923077	1	user_page
//de.wikipedia.org/wiki/Karl_Sachs_(Elektroingenieur)	Karl Sachs (Elektroingenieur)	11.25	1	article
//it.wikipedia.org/wiki/Perroy_(Svizzera)	Perroy (Svizzera)	11.19230769	1	article
//de.wikipedia.org/wiki/Benutzer:GerhardSchuhmacher/Region	Benutzer:GerhardSchuhmacher/Region	11.17647059	1	user_page
//it.wikipedia.org/wiki/Berg_(San_Gallo)	Berg (San Gallo)	11.03846154	1	article
//hu.wikipedia.org/wiki/Lichtensteig	Lichtensteig	11	1	article
//sv.wikipedia.org/wiki/Green_Harbour	Green Harbour	11	2	article
//de.wikipedia.org/wiki/Wilhelm_von_Gonzenbach	Wilhelm von Gonzenbach	10.96153846	1	article
//de.wikipedia.org/wiki/Hermann_Dietler	Hermann Dietler	10.96153846	1	article
//en.wikipedia.org/wiki/Wikipedia:Graphics_Lab/Photography_workshop/Archive/Apr_2017	Wikipedia:Graphics Lab/Photography workshop/Archive/Apr 2017	10.86666667	2	wikipedia_page
//it.wikipedia.org/wiki/Bôle	Bôle	10.76923077	1	article
//als.wikipedia.org/wiki/1010	1010	10.57142857	1	article
//it.wikipedia.org/wiki/Roggwil_(Turgovia)	Roggwil (Turgovia)	10.5	1	article
//it.wikipedia.org/wiki/Lütisburg	Lütisburg	10.34615385	1	article
//als.wikipedia.org/wiki/1154	1154	10.33333333	1	article
//it.wikipedia.org/wiki/Andwil_(Birwinken)	Andwil (Birwinken)	10.16666667	1	article
//de.wikipedia.org/wiki/Liste_der_Naturdenkmale_in_Albbruck	Liste der Naturdenkmale in Albbruck	10.15	1	article
//ar.wikipedia.org/wiki/رودولف_فولف	رودولف فولف	10.15	1	user_page
//it.wikipedia.org/wiki/Islikon	Islikon	10	1	article
//als.wikipedia.org/wiki/1323	1323	10	1	article
//cs.wikipedia.org/wiki/Portál:Chemie/Obrázek	Portál:Chemie/Obrázek	9.846153846	1	article
//it.wikipedia.org/wiki/Kaltenbach_(Wagenhausen)	Kaltenbach (Wagenhausen)	9.714285714	1	article
//it.wikipedia.org/wiki/Amlikon-Bissegg	Amlikon-Bissegg	9.692307692	1	article
//ar.wikipedia.org/wiki/مستخدم:ElWaliElAlaoui/ملعب_13	مستخدم:ElWaliElAlaoui/ملعب 13	9.4	34	user_page
//fr.wikipedia.org/wiki/Benjamin_Recordon	Benjamin Recordon	9.269230769	3	article
//ca.wikipedia.org/wiki/Heinrich_Friedrich_Weber	Heinrich Friedrich Weber	9.222222222	1	article
//it.wikipedia.org/wiki/Henggart	Henggart	9.153846154	2	article
//fr.wikipedia.org/wiki/Utilisateur:OPAN/Brouillon	Utilisateur:OPAN/Brouillon	9.111111111	1	user_page
//als.wikipedia.org/wiki/1004	1004	9	1	article
//als.wikipedia.org/wiki/1085	1085	9	1	article
//als.wikipedia.org/wiki/1201	1201	9	1	article
//it.wikipedia.org/wiki/Wigoltingen	Wigoltingen	8.884615385	1	article
//de.wikipedia.org/wiki/Liste_der_Kulturgüter_in_Dorf	Liste der Kulturgüter in Dorf	8.846153846	1	article
//als.wikipedia.org/wiki/Liste_der_Rheinbrücken	Liste der Rheinbrücken	8.692307692	1	article
//als.wikipedia.org/wiki/1144	1144	8.666666667	1	article
//it.wikipedia.org/wiki/Vernamiège	Vernamiège	8.538461538	2	article
//it.wikipedia.org/wiki/Volken	Volken	8.461538462	1	article
//it.wikipedia.org/wiki/Lufingen	Lufingen	8.192307692	1	article
//it.wikipedia.org/wiki/Tübach	Tübach	8.153846154	1	article
//de.wikipedia.org/wiki/Oskar_Howald	Oskar Howald	8	1	article
//als.wikipedia.org/wiki/1153	1153	7.75	1	article
//als.wikipedia.org/wiki/1070	1070	7.75	1	article
//it.wikipedia.org/wiki/Vullierens	Vullierens	7.730769231	1	article
//it.wikipedia.org/wiki/Nussbaumen	Nussbaumen	7.714285714	1	article
//it.wikipedia.org/wiki/Kleinandelfingen	Kleinandelfingen	7.692307692	1	article
//es.wikipedia.org/wiki/Hans_Conrad_Schellenberg	Hans Conrad Schellenberg	7.636363636	3	article
//it.wikipedia.org/wiki/Mex_(Saint-Maurice)	Mex (Saint-Maurice)	7.5	1	article
//de.wikipedia.org/wiki/Franz_Prášil	Franz Prášil	7.5	1	article
//it.wikipedia.org/wiki/Corbeyrier	Corbeyrier	7.461538462	1	article
//it.wikipedia.org/wiki/Georges_Pelletier-Doisy	Georges Pelletier-Doisy	7.423076923	1	article
//it.wikipedia.org/wiki/Lussy-sur-Morges	Lussy-sur-Morges	7.384615385	1	article
//it.wikipedia.org/wiki/Grandcour	Grandcour	7.346153846	1	article
//als.wikipedia.org/wiki/1052	1052	7.2	1	article
//it.wikipedia.org/wiki/Oberembrach	Oberembrach	7.153846154	1	article
//de.wikipedia.org/wiki/Benutzer:Magnus_Manske/Halensis	Benutzer:Magnus Manske/Halensis	7.115384615	1	user_page
//it.wikipedia.org/wiki/Belmont-sur-Yverdon	Belmont-sur-Yverdon	7	1	article
//als.wikipedia.org/wiki/1354	1354	7	1	article
//it.wikipedia.org/wiki/Oberaach	Oberaach	6.857142857	1	article
//no.wikipedia.org/wiki/Walter_Mittelholzer	Walter Mittelholzer	6.842105263	2	article
//it.wikipedia.org/wiki/Märwil	Märwil	6.833333333	1	article
//it.wikipedia.org/wiki/Cuarnens	Cuarnens	6.653846154	1	article
//it.wikipedia.org/wiki/Wildberg_(Svizzera)	Wildberg (Svizzera)	6.615384615	1	article
//it.wikipedia.org/wiki/Rifferswil	Rifferswil	6.5	1	article
//it.wikipedia.org/wiki/Herdern	Herdern	6.461538462	1	article
//fr.wikipedia.org/wiki/William_Otto_Brunner	William Otto Brunner	6.423076923	4	article
//it.wikipedia.org/wiki/Bonvillars	Bonvillars	6.384615385	1	article
//it.wikipedia.org/wiki/Dozwil	Dozwil	6.038461538	1	article
//hi.wikipedia.org/wiki/बूशहर	बूशहर	6.038461538	1	article
//it.wikipedia.org/wiki/Johann_Jakob_Früh	Johann Jakob Früh	6	3	article
//it.wikipedia.org/wiki/Montmollin	Montmollin	5.846153846	1	article
//it.wikipedia.org/wiki/Sankt_Margarethen_(Münchwilen)	Sankt Margarethen (Münchwilen)	5.833333333	1	article
//it.wikipedia.org/wiki/Lanzenneunforn	Lanzenneunforn	5.571428571	1	article
//it.wikipedia.org/wiki/Mosen_(Hitzkirch)	Mosen (Hitzkirch)	5.538461538	1	article
//it.wikipedia.org/wiki/Saint-Saphorin-sur-Morges	Saint-Saphorin-sur-Morges	5.5	1	article
//no.wikipedia.org/wiki/Bisinasjøen	Bisinasjøen	5.428571429	1	article
//als.wikipedia.org/wiki/821	821	5.230769231	1	article
//de.wikipedia.org/wiki/Liste_der_Naturdenkmale_in_Küssaberg	Liste der Naturdenkmale in Küssaberg	5	1	article
//it.wikipedia.org/wiki/Guntershausen_bei_Aadorf	Guntershausen bei Aadorf	4.857142857	1	article
//als.wikipedia.org/wiki/850	850	4.454545455	1	article
//it.wikipedia.org/wiki/Dommartin_(Montilliez)	Dommartin (Montilliez)	4.333333333	1	article
//it.wikipedia.org/wiki/Wilen_bei_Neunforn	Wilen bei Neunforn	4.285714286	1	article
//ar.wikipedia.org/wiki/موريس_لوجيون	موريس لوجيون	4.25	1	user_page
//als.wikipedia.org/wiki/Reussdelta	Reussdelta	4.2	1	article
//it.wikipedia.org/wiki/Mettlen	Mettlen	4	1	article
//it.wikipedia.org/wiki/Kradolf	Kradolf	4	1	article
//it.wikipedia.org/wiki/Heldswil	Heldswil	3.833333333	1	article
//ca.wikipedia.org/wiki/Heinrich_Weber	Heinrich Weber	3.777777778	2	article
//ko.wikipedia.org/wiki/초안:함메르페스트	초안:함메르페스트	3.666666667	1	article
//no.wikipedia.org/wiki/Paul_Nizon	Paul Nizon	3.576923077	4	article
//it.wikipedia.org/wiki/Kefikon	Kefikonwikipedia.org/wiki/	3.571428571	#N/D	#N/D
//it.wikipedia.org/wiki/Herrenhof_(Langrickenbach)	Herrenhof (Langrickenbach)	3.571428571	1	article
//it.wikipedia.org/wiki/Eschikofen	Eschikofen	3.428571429	1	article
//it.wikipedia.org/wiki/Graltshausen	Graltshausen	3	1	article
//uk.wikipedia.org/wiki/Франсуа-Альфонс_Форель	Франсуа-Альфонс Форель	2.961538462	1	article
//pt.wikipedia.org/wiki/Eugène_Renevier	Eugène Renevier	2.884615385	3	article
//fr.wikipedia.org/wiki/Utilisateur:Peb45/Einigen	Utilisateur:Peb45/Einigen	2.857142857	1	user_page
//it.wikipedia.org/wiki/Mettendorf_(Hüttlingen)	Mettendorf (Hüttlingen)	2.857142857	1	article
//it.wikipedia.org/wiki/Littenheid	Littenheid	2.833333333	1	article
//it.wikipedia.org/wiki/L'Isle	L'Isle	2.692307692	1	article
//it.wikipedia.org/wiki/Lustdorf	Lustdorf	2.571428571	1	article
//de.wikipedia.org/wiki/Benutzer:Draemmli/Felslabor_Grimsel	Benutzer:Draemmli/Felslabor Grimsel	2.571428571	1	user_page
//ar.wikipedia.org/wiki/كارل_جوزيف_شروتر	كارل جوزيف شروتر	2.476190476	1	user_page
//it.wikipedia.org/wiki/Arzier-Le_Muids	Arzier-Le Muids	2.32	1	article
//it.wikipedia.org/wiki/Illighausen	Illighausen	2.285714286	1	article
//it.wikipedia.org/wiki/Uerschhausen	Uerschhausen	2.285714286	1	article
//uk.wikipedia.org/wiki/Ебенгольц	Ебенгольц	2.269230769	1	article
//als.wikipedia.org/wiki/Höhronen_(Berg)	Höhronen (Berg)	2.115384615	1	article
//it.wikipedia.org/wiki/Wellhausen	Wellhausen	1.923076923	1	article
//sv.wikipedia.org/wiki/Johannes_Scheuchzer	Johannes Scheuchzer	1.730769231	2	article
//it.wikipedia.org/wiki/Buch_(Birwinken)	Buch (Birwinken)	1.666666667	1	article
//hu.wikipedia.org/wiki/Antoine-Elisée_Cherbuliez	Antoine-Elisée Cherbuliez	1.576923077	3	article
//uk.wikipedia.org/wiki/Еміл_Стодола	Еміл Стодола	1.384615385	1	article
//ar.wikipedia.org/wiki/فرانز_تانك	فرانز تانك	1.380952381	1	user_page
//sl.wikipedia.org/wiki/René_Thury	René Thury	1.269230769	5	article
//en.wikipedia.org/wiki/Talk:Valentine_Browne,_6th_Earl_of_Kenmare	Talk:Valentine Browne, 6th Earl of Kenmare	1.2	2	discussion
//en.wikipedia.org/wiki/Talk:Naaba_Koom_II	Talk:Naaba Koom II	1.192307692	7	discussion
//ar.wikipedia.org/wiki/فولفيرست	فولفيرست	1.192307692	1	user_page
//mg.wikipedia.org/wiki/Gottfried_Theobald	Gottfried Theobald	1.076923077	1	article
//it.wikipedia.org/wiki/Sitterdorf	Sitterdorf	1.038461538	1	article
//fr.wikipedia.org/wiki/Discussion:Liste_des_ponts_du_canton_de_Genève	Discussion:Liste des ponts du canton de Genève	0.619047619	1	discussion
//tg.wikipedia.org/wiki/Häfeli_DH-3	Häfeli DH-3	0.24	2	article